pair_id	rule_id	block_id	pair_class	selection_mode	priority	protein_a_id	protein_b_id	accession_a	accession_b	organism_a	organism_b	taxon_group_a	taxon_group_b	route_a	route_b	module_a	module_b	submodule_a	submodule_b	protein_name_a	protein_name_b	sequence_a	sequence_b	rule_notes	af3_job_folder	af3_best_json_file	af3_n_confidence_json	af3_best_ranking_score	af3_median_ranking_score	af3_best_iptm	af3_median_iptm	af3_best_ptm	af3_median_ptm	af3_mean_plddt	af3_fraction_disordered	af3_has_clash	af3_chain_pair_iptm	af3_chain_pair_pae_min	af3_confidence_gate	structural_edge	high_confidence_edge	w2c_selection_reason
W2_R01_000070	R01	MJ01	route_consistent_positive	all	1	W2_FES_ISC_CYSTEINE_DESULFURASE_Q9ZD60	W2_FES_ISC_SCAFFOLD_Q9ZD61	Q9ZD60	Q9ZD61	Rickettsia_prowazekii_(strain_Madrid_E)	Rickettsia_prowazekii_(strain_Madrid_E)	Alphaproteobacteria	Alphaproteobacteria	energetic_module	energetic_module	FeS_ISC	FeS_ISC	cysteine_desulfurase	scaffold	Cysteine desulfurase IscS (EC 2.8.1.7)	Iron-sulfur cluster assembly scaffold protein IscU (Sulfur acceptor protein IscU)	MNQQLKNLTLPIYMDYQSTTPIDPRVMEAMLPYFTTKFGNPHSRSHSFGWEAENAVENARSMVAKVIGADSKEIIFTSGATESNNLVIKGIAKFYGNKKKHIITLVSEHKCVLNACRHLEQEGIKITYLPIKSNGIIDLETLKNAITDQTLLVSVMAVNNEIGVIQPLKEIGKICRERNVFFHSDIAQGFGKIPINVNECNIDLASISGHKIYGPKGIGALYIRKKPRVRVTPLINGGGQERGMRSGTLPTPLIVGLGIASEIAYNEMEKDTQHVNYLFDRFLNNIHSKISEVYLNGDKDQRYKGNLNLSFAGVEGESIILAIKDLAVSSGSACTSASLEPSYVLRSIGISEELAHTSIRFGIGRFTTEQEIDYAVNLVCSKIDKLRRLSPLWEMMQEGVDLKKIRWTAH	MAYSKKVIDHYENPRNVGSLDKKKKNVGTGLVGAPACGDVMKLQIEVGDDEIITDAKFKTFGCGSAIASSSLVTEWIKGKSVEDAKEIKNTEIAKELSLPPVKLHCSLLAEDAIKAAIADYKQKRENKKDS	Within alphaproteobacterial or mitochondrial Fe-S sulfur-donor/scaffold positive controls.	w2_r01_000070_w2_fes_isc_cysteine_desulfurase_q9zd60_w2_fes_isc_scaffold_q9zd61	w2_r01_000070_w2_fes_isc_cysteine_desulfurase_q9zd60_w2_fes_isc_scaffold_q9zd61/w2_r01_000070_w2_fes_isc_cysteine_desulfurase_q9zd60_w2_fes_isc_scaffold_q9zd61_summary_confidences.json	101	0.890000	0.870000	0.870000	0.850000	0.900000	0.890000		0.03	0.0	[[0.92,0.87],[0.87,0.84]]	[[0.76,1.51],[1.73,0.76]]	high	yes	yes	top_route_consistent_FeS_ISC_positive
W2_R01_000072	R01	MJ01	route_consistent_positive	all	1	W2_FES_ISC_CYSTEINE_DESULFURASE_Q9ZD60	W2_FES_ISC_SCAFFOLD_D5AX76	Q9ZD60	D5AX76	Rickettsia_prowazekii_(strain_Madrid_E)	Rickettsia_prowazekii_(strain_Rp22)	Alphaproteobacteria	Alphaproteobacteria	energetic_module	energetic_module	FeS_ISC	FeS_ISC	cysteine_desulfurase	scaffold	Cysteine desulfurase IscS (EC 2.8.1.7)	Iron-sulfur cluster assembly scaffold protein IscU	MNQQLKNLTLPIYMDYQSTTPIDPRVMEAMLPYFTTKFGNPHSRSHSFGWEAENAVENARSMVAKVIGADSKEIIFTSGATESNNLVIKGIAKFYGNKKKHIITLVSEHKCVLNACRHLEQEGIKITYLPIKSNGIIDLETLKNAITDQTLLVSVMAVNNEIGVIQPLKEIGKICRERNVFFHSDIAQGFGKIPINVNECNIDLASISGHKIYGPKGIGALYIRKKPRVRVTPLINGGGQERGMRSGTLPTPLIVGLGIASEIAYNEMEKDTQHVNYLFDRFLNNIHSKISEVYLNGDKDQRYKGNLNLSFAGVEGESIILAIKDLAVSSGSACTSASLEPSYVLRSIGISEELAHTSIRFGIGRFTTEQEIDYAVNLVCSKIDKLRRLSPLWEMMQEGVDLKKIRWTAH	MAYSKKVIDHYENPRNVGSLDKKKKNVGTGLVGAPACGDVMKLQIEVGDDEIITDAKFKTFGCGSAIASSSLVTEWIKGKSVEDAKEIKNTEIAKELSLPPVKLHCSLLAEDAIKAAIADYKQKRENKKDS	Within alphaproteobacterial or mitochondrial Fe-S sulfur-donor/scaffold positive controls.	w2_r01_000072_w2_fes_isc_cysteine_desulfurase_q9zd60_w2_fes_isc_scaffold_d5ax76	w2_r01_000072_w2_fes_isc_cysteine_desulfurase_q9zd60_w2_fes_isc_scaffold_d5ax76/w2_r01_000072_w2_fes_isc_cysteine_desulfurase_q9zd60_w2_fes_isc_scaffold_d5ax76_summary_confidences.json	101	0.890000	0.870000	0.870000	0.850000	0.900000	0.890000		0.03	0.0	[[0.92,0.87],[0.87,0.84]]	[[0.76,1.51],[1.73,0.76]]	high	yes	yes	top_route_consistent_FeS_ISC_positive
W2_R02_000009	R02	MJ01	host_scaffold_positive	all	1	W2_FES_CIA_CYSTEINE_DESULFURASE_LIKE_A0A9Y1BKU2	W2_FES_CIA_SCAFFOLD_LIKE_A0A9Y1BKW3	A0A9Y1BKU2	A0A9Y1BKW3	Candidatus_Heimdallarchaeum_aukensis	Candidatus_Heimdallarchaeum_aukensis	Asgard	Asgard	host_scaffold	host_scaffold	FeS_CIA	FeS_CIA	cysteine_desulfurase_like	scaffold_like	Cysteine desulfurase	Iron-sulfur cluster assembly scaffold protein	MKKVDGLLEEHGRSKIEVYVDWENGNYVPKEVFEAMKPFYLERGFANPAITHRLGWETYELYVETKEKLVQPLNISPQDFYITHGLTESNNIAIRGVAKANKKRKKIITSSVEHLSVIHSSRFMESQGYKIEEIPVYSNGIIDLDRLQDIIDEETLIVSVQLANHEIGSIQPLREVIEIVKDKNKDILVHSDMSAAFGRMKIDLNKLDIDLATFDSSKILGPKGVGGLFVKEGVHVKPLLEGQLSVEILSPEVEIMPLIAGFAKAVELQFENFDEHISSLTKLRNKLLYGLYTTIPKTLINGAEGEKRIADNVNLSFIGCEGEALTVECSMNGIYTSSGSACSSRILMPSHILTAIGRRPEEAHGSLLMKISRLNTEAQIEYILETMPKVVTRLRKITGSIEL	MSSRIPLPYSQRVIELFKNPVNLGKMDDATVFAQAGSPACGDMIAFYLKIDEKKEKITKSSFESFGCASNIAAASEVTIMIHNKTLKEAWNISWKDVSDALGGLPKIKNHCGTLAVGALQRAIRKYYTTIKKEIPDWLPKEYTKDEKHAMEEEELAKKLAKKYNLSI	Within Asgard/CIA-like host Fe-S sulfur-donor/scaffold positive controls.	w2_r02_000009_w2_fes_cia_cysteine_desulfurase_like_a0a9y1bku2_w2_fes_cia_scaffold_like_a0a9y1bkw3	w2_r02_000009_w2_fes_cia_cysteine_desulfurase_like_a0a9y1bku2_w2_fes_cia_scaffold_like_a0a9y1bkw3/w2_r02_000009_w2_fes_cia_cysteine_desulfurase_like_a0a9y1bku2_w2_fes_cia_scaffold_like_a0a9y1bkw3_summary_confidences.json	101	0.890000	0.880000	0.870000	0.850000	0.900000	0.900000		0.04	0.0	[[0.92,0.87],[0.87,0.83]]	[[0.76,1.24],[1.34,0.76]]	high	yes	yes	top_host_scaffold_FeS_CIA_positive
W2_R02_000021	R02	MJ01	host_scaffold_positive	all	1	W2_FES_CIA_CYSTEINE_DESULFURASE_LIKE_A0A9Y1FNL3	W2_FES_CIA_SCAFFOLD_LIKE_A0A9Y1BKW3	A0A9Y1FNL3	A0A9Y1BKW3	Candidatus_Heimdallarchaeum_endolithica	Candidatus_Heimdallarchaeum_aukensis	Asgard	Asgard	host_scaffold	host_scaffold	FeS_CIA	FeS_CIA	cysteine_desulfurase_like	scaffold_like	Cysteine desulfurase	Iron-sulfur cluster assembly scaffold protein	MKKVDGLLEEHGRSKIEVYVDWENGNYVPKEVFEAMKPFYLEKGFANPAITHRLGWETYELYVETKEKLVQPLNISPQDFYITHGLTESNNIAIRGVAKANKKRKKIITSSVEHLSIIHSSRYMKSQGYKIEEIPVYSNGTIDLDSLQNMIDEETLLVSVQLANHEIGSIQPLREVIEIVKDKNKETLVHSDMSAAFGRMKINLNELEIDLATFDSSRVLGPKGIGGLYVKEGVHVKPLLEGQLSVETLSPGVEIMPLIAGFAKTIELEFENFDEKIKNLINLRNKLLYGLYTTIPKTLINGAEGEKRIADNVNLSFLGCEGEALTVECSMNGIYTSSGSACSSRILMPSHILTAIGRRPEEAHGSLLMKLSRLNTEEQIKYILETMPKVVSRLRKITGSIEL	MSSRIPLPYSQRVIELFKNPVNLGKMDDATVFAQAGSPACGDMIAFYLKIDEKKEKITKSSFESFGCASNIAAASEVTIMIHNKTLKEAWNISWKDVSDALGGLPKIKNHCGTLAVGALQRAIRKYYTTIKKEIPDWLPKEYTKDEKHAMEEEELAKKLAKKYNLSI	Within Asgard/CIA-like host Fe-S sulfur-donor/scaffold positive controls.	w2_r02_000021_w2_fes_cia_cysteine_desulfurase_like_a0a9y1fnl3_w2_fes_cia_scaffold_like_a0a9y1bkw3	w2_r02_000021_w2_fes_cia_cysteine_desulfurase_like_a0a9y1fnl3_w2_fes_cia_scaffold_like_a0a9y1bkw3/w2_r02_000021_w2_fes_cia_cysteine_desulfurase_like_a0a9y1fnl3_w2_fes_cia_scaffold_like_a0a9y1bkw3_summary_confidences.json	101	0.890000	0.880000	0.860000	0.850000	0.900000	0.900000		0.04	0.0	[[0.93,0.86],[0.86,0.84]]	[[0.76,1.3],[1.33,0.76]]	high	yes	yes	top_host_scaffold_FeS_CIA_positive
W2_R03B_000046	R03B	MJ01	reciprocal_cross_route	all	1	W2_FES_CIA_CYSTEINE_DESULFURASE_LIKE_A0A5B9D7U7	W2_FES_ISC_SCAFFOLD_Q9ZD61	A0A5B9D7U7	Q9ZD61	Promethearchaeum_syntrophicum	Rickettsia_prowazekii_(strain_Madrid_E)	Asgard	Alphaproteobacteria	host_scaffold	energetic_module	FeS_CIA	FeS_ISC	cysteine_desulfurase_like	scaffold	Cysteine desulfurase family protein	Iron-sulfur cluster assembly scaffold protein IscU (Sulfur acceptor protein IscU)	MLETNKKQIYLDYQSSKPVDPRVIDAMIPIFNEKYGNPSSLHGIGDQATDLLEKNREIIGKFINADSNEILFTSSATESINLGILGYALRNKRNGNHIIISEVEHISLHNIAKYLEKNGFRVSKVPVDQYGRVKINKIKSRITDQTILISVQMANNEIGTIQPIKEIGEIASEHNIPFHTDAVAAEGQIPIDVKKNNINMLTLSSNDIYGPKGVGVLYLKKGIRVQPQIIGGGQERGFRSSTENISGIVGMGKAVEIAQQEMESESKRLIGFREKIIKEIIEGIPQTYLNGHPTDRLPNNSHFRFEAIEGESILLSFKDLGIAVSTGSACSSKTLEPSHTLIATGLLHEEAHGSLEITTGRFTTPNDVEKMIEVTPGIVKRLRDLSPLYKEKPEN	MAYSKKVIDHYENPRNVGSLDKKKKNVGTGLVGAPACGDVMKLQIEVGDDEIITDAKFKTFGCGSAIASSSLVTEWIKGKSVEDAKEIKNTEIAKELSLPPVKLHCSLLAEDAIKAAIADYKQKRENKKDS	Route-inconsistent Asgard sulfur donor with alpha scaffold.	w2_r03b_000046_w2_fes_cia_cysteine_desulfurase_like_a0a5b9d7u7_w2_fes_isc_scaffold_q9zd61	w2_r03b_000046_w2_fes_cia_cysteine_desulfurase_like_a0a5b9d7u7_w2_fes_isc_scaffold_q9zd61/w2_r03b_000046_w2_fes_cia_cysteine_desulfurase_like_a0a5b9d7u7_w2_fes_isc_scaffold_q9zd61_summary_confidences.json	101	0.860000	0.840000	0.840000	0.820000	0.890000	0.880000		0.02	0.0	[[0.92,0.84],[0.84,0.81]]	[[0.76,1.99],[2.21,0.76]]	high	yes	yes	all_high_cross_route_bridge_candidates
W2_R03B_000048	R03B	MJ01	reciprocal_cross_route	all	1	W2_FES_CIA_CYSTEINE_DESULFURASE_LIKE_A0A5B9D7U7	W2_FES_ISC_SCAFFOLD_D5AX76	A0A5B9D7U7	D5AX76	Promethearchaeum_syntrophicum	Rickettsia_prowazekii_(strain_Rp22)	Asgard	Alphaproteobacteria	host_scaffold	energetic_module	FeS_CIA	FeS_ISC	cysteine_desulfurase_like	scaffold	Cysteine desulfurase family protein	Iron-sulfur cluster assembly scaffold protein IscU	MLETNKKQIYLDYQSSKPVDPRVIDAMIPIFNEKYGNPSSLHGIGDQATDLLEKNREIIGKFINADSNEILFTSSATESINLGILGYALRNKRNGNHIIISEVEHISLHNIAKYLEKNGFRVSKVPVDQYGRVKINKIKSRITDQTILISVQMANNEIGTIQPIKEIGEIASEHNIPFHTDAVAAEGQIPIDVKKNNINMLTLSSNDIYGPKGVGVLYLKKGIRVQPQIIGGGQERGFRSSTENISGIVGMGKAVEIAQQEMESESKRLIGFREKIIKEIIEGIPQTYLNGHPTDRLPNNSHFRFEAIEGESILLSFKDLGIAVSTGSACSSKTLEPSHTLIATGLLHEEAHGSLEITTGRFTTPNDVEKMIEVTPGIVKRLRDLSPLYKEKPEN	MAYSKKVIDHYENPRNVGSLDKKKKNVGTGLVGAPACGDVMKLQIEVGDDEIITDAKFKTFGCGSAIASSSLVTEWIKGKSVEDAKEIKNTEIAKELSLPPVKLHCSLLAEDAIKAAIADYKQKRENKKDS	Route-inconsistent Asgard sulfur donor with alpha scaffold.	w2_r03b_000048_w2_fes_cia_cysteine_desulfurase_like_a0a5b9d7u7_w2_fes_isc_scaffold_d5ax76	w2_r03b_000048_w2_fes_cia_cysteine_desulfurase_like_a0a5b9d7u7_w2_fes_isc_scaffold_d5ax76/w2_r03b_000048_w2_fes_cia_cysteine_desulfurase_like_a0a5b9d7u7_w2_fes_isc_scaffold_d5ax76_summary_confidences.json	101	0.860000	0.840000	0.840000	0.820000	0.890000	0.880000		0.02	0.0	[[0.92,0.84],[0.84,0.81]]	[[0.76,1.99],[2.21,0.76]]	high	yes	yes	all_high_cross_route_bridge_candidates
W2_R03_000027	R03	MJ01	reciprocal_cross_route	all	1	W2_FES_ISC_CYSTEINE_DESULFURASE_Q01179	W2_FES_CIA_SCAFFOLD_LIKE_A0A9Y1BKW3	Q01179	A0A9Y1BKW3	Cereibacter_sphaeroides_(Rhodobacter_sphaeroides)	Candidatus_Heimdallarchaeum_aukensis	Alphaproteobacteria	Asgard	energetic_module	host_scaffold	FeS_ISC	FeS_CIA	cysteine_desulfurase	scaffold_like	Cysteine desulfurase (EC 2.8.1.7) (Nitrogenase metalloclusters biosynthesis protein NifS)	Iron-sulfur cluster assembly scaffold protein	MERVYLDNNATTRLAPEALQAMLPFLTEEFGNPSSLHGQGRAPARALMAARRAVLELIGAEADSEILFTSGGTEADTTAIRSALAADPSRREIVTSTVEHAAVLALCDHLERQEGVTVHRIPVDGDGRLDIEAYRAALSPRVALVSLMWANNETGTVFPVEGLAELAHRAGALFHTDAVQAVGKVPIVLRGTEIDMLSLSAHKFHGPKGVGALWLRKGVPFQPLIRGGRQQRGHRAGTENIPGIVGLGRAAELALGGDHGAVRLLRDRLEQGILARVPKARVLGDPLDRLPNTSCVAFDFAEGEAIVMLLDRAGICVSSGAACASGAMEPSHVIRAMKVPFTAAHGAIRFSLSHWTTAAEIDRLLEVLPPIVDQLRALSPFGAEEVK	MSSRIPLPYSQRVIELFKNPVNLGKMDDATVFAQAGSPACGDMIAFYLKIDEKKEKITKSSFESFGCASNIAAASEVTIMIHNKTLKEAWNISWKDVSDALGGLPKIKNHCGTLAVGALQRAIRKYYTTIKKEIPDWLPKEYTKDEKHAMEEEELAKKLAKKYNLSI	Route-inconsistent alpha sulfur donor with Asgard scaffold.	w2_r03_000027_w2_fes_isc_cysteine_desulfurase_q01179_w2_fes_cia_scaffold_like_a0a9y1bkw3	w2_r03_000027_w2_fes_isc_cysteine_desulfurase_q01179_w2_fes_cia_scaffold_like_a0a9y1bkw3/w2_r03_000027_w2_fes_isc_cysteine_desulfurase_q01179_w2_fes_cia_scaffold_like_a0a9y1bkw3_summary_confidences.json	101	0.820000	0.770000	0.780000	0.730000	0.870000	0.850000		0.03	0.0	[[0.92,0.78],[0.78,0.82]]	[[0.76,2.92],[3.25,0.76]]	high	yes	yes	all_high_cross_route_bridge_candidates
W2_R04_000036	R04	MJ02	route_consistent_positive	all	1	W2_ATP_SYNTHASE_ALPHA_SUBUNIT_A0A290MP74	W2_ATP_SYNTHASE_BETA_SUBUNIT_A3PS59	A0A290MP74	A3PS59	Caulobacter_vibrioides_(Caulobacter_crescentus)	Cereibacter_sphaeroides_(strain_ATCC_17029_/_ATH_2.4.9)_(Rhodobacter_sphaeroides)	Alphaproteobacteria	Alphaproteobacteria	energetic_module	energetic_module	ATP_synthase	ATP_synthase	alpha_subunit	beta_subunit	ATP synthase subunit alpha (EC 7.1.2.2) (ATP synthase F1 sector subunit alpha) (F-ATPase subunit alpha)	ATP synthase subunit beta 2 (EC 7.1.2.2) (ATP synthase F1 sector subunit beta 2) (F-ATPase subunit beta 2)	MDIRAAEISAILKSQIANFGEEAAVSDVGQVLSVGDGIARIYGLDNVQAGEMLEFPKAGVKGMALNLERDNVGAVIFGQDQEIKEGDEVRRLGEIVDVPVGRGLLGRVVNPLGEPIDGKGPIEYTERRRVDVKAPGIIPRKSVHEPVQTGLKSIDTLIPVGRGQRELIIGDRQTGKTAVAIDTILNQKAVNAGKDESAKLYCVYVAIGQKRSTVAQIVKTLEEHGALEYTTVVVASASEPAPLQYLAPFAGCAMGEWFRDNGLHGLIIYDDLSKQAVAYRQMSLLLRRPPGREAYPGDVFYLHSRLLERAAKLNEDNGSGSLTALPIIETQANDVSAYIPTNVISITDGQIFLETDLFYQGIRPAVNVGISVSRVGSSAQIKAMKQVAGPIKGELAQYREMAAFAKFGSDLDASTQKMLARGERLTELLKQPQYAPQSVEEQVCVIYAGTRGYLDGIPTSSVRRFEAEFLARLHSQHADLLEGIRTKKALDKDLENTLKSALDSFSSTFA	MTGRVTSVRGPVLDIRVEGPLPAIGDVVEVGSLPVVAEIQAHLGAADVRAIALHSTQGIARGETVRTTGGPLRVPTGPAVLGRLLDVAGRPADLGPPIPAEAPRAPILHPAPPLAAQDARFQVFSTGIKVLDLLAPLAQGGKTAMFGGAGVGKTVLVMELIRAMVSGYDGISVFAGVGERSREGHEMLGEMKASGVLDRTVLVYGQMNEPPGARWRVPLTALTIAEGFRDGEGRNVLLLIDNVFRFVQAGAEVSGLLGRMPSRVGYQPTLETEVAALQERIASVGRASVTAIEAVYVPADDFTDPAVTAISAHVDSTVVLSRQLAAEGIYPAIDPLATTSVLLDPAVVGEEHARVAGRLKEAIEHYHELRDVIALLGIEELGREEQLMVGRARKLQRFLTQPFFVAAAYTGMEGRSVPVAETVQGCAAILAGECDDWDEGSLYMIGTLAEARAREEARRRKGAA	Within energetic ATP synthase alpha-beta positive controls.	w2_r04_000036_w2_atp_synthase_alpha_subunit_a0a290mp74_w2_atp_synthase_beta_subunit_a3ps59	w2_r04_000036_w2_atp_synthase_alpha_subunit_a0a290mp74_w2_atp_synthase_beta_subunit_a3ps59/w2_r04_000036_w2_atp_synthase_alpha_subunit_a0a290mp74_w2_atp_synthase_beta_subunit_a3ps59_summary_confidences.json	101	0.850000	0.840000	0.840000	0.830000	0.880000	0.870000		0.01	0.0	[[0.89,0.84],[0.84,0.87]]	[[0.76,1.41],[1.36,0.76]]	high	yes	yes	top_route_consistent_ATP_positive
W2_R04_000056	R04	MJ02	route_consistent_positive	all	1	W2_ATP_SYNTHASE_ALPHA_SUBUNIT_A4WUM9	W2_ATP_SYNTHASE_BETA_SUBUNIT_A3PS59	A4WUM9	A3PS59	Cereibacter_sphaeroides_(strain_ATCC_17025_/_ATH_2.4.3)_(Rhodobacter_sphaeroides)	Cereibacter_sphaeroides_(strain_ATCC_17029_/_ATH_2.4.9)_(Rhodobacter_sphaeroides)	Alphaproteobacteria	Alphaproteobacteria	energetic_module	energetic_module	ATP_synthase	ATP_synthase	alpha_subunit	beta_subunit	ATP synthase subunit alpha (EC 7.1.2.2) (ATP synthase F1 sector subunit alpha) (F-ATPase subunit alpha)	ATP synthase subunit beta 2 (EC 7.1.2.2) (ATP synthase F1 sector subunit beta 2) (F-ATPase subunit beta 2)	MGIQAAEISAILKEQIKNFGQAAEVAEVGRVLSVGDGIARVHGLDNVQAGEMVEFPGGIRGMALNLEVDNVGVVIFGDDRSIKEGDTVKRTKSIVDVPAGDALLGRVVDGLGNPIDGKGPIAATERRVADVKAPGIIPRKGVHEPMATGLKSVDAMIPIGRGQRELIIGDRQTGKTAIALDTILNQKSYNEAAGDDESKKLYCIYVAIGQKRSTVAQLVKKLEETGAIAYTLVVAATASDPAPMQFLAPYAATAMAEYFRDNGRHALIIYDDLSKQAVAYRQMSLLLRRPPGREAYPGDVFYLHSRLLERSAKLNKEHGSGSLTALPIIETQGGDVSAFIPTNVISITDGQIFLETELFYQGIRPAVNTGLSVSRVGSSAQTDAMKSVAGPVKLELAQYREMAAFAQFGSDLDAATQQLLNRGARLTELMKQPQYAPLTNAEIVCVIFAGTKGYLDKVPVKDVGRWEQGLLKHLRTNARDLLADITNNDRKVKGELENKIRAALDTYAKDFA	MTGRVTSVRGPVLDIRVEGPLPAIGDVVEVGSLPVVAEIQAHLGAADVRAIALHSTQGIARGETVRTTGGPLRVPTGPAVLGRLLDVAGRPADLGPPIPAEAPRAPILHPAPPLAAQDARFQVFSTGIKVLDLLAPLAQGGKTAMFGGAGVGKTVLVMELIRAMVSGYDGISVFAGVGERSREGHEMLGEMKASGVLDRTVLVYGQMNEPPGARWRVPLTALTIAEGFRDGEGRNVLLLIDNVFRFVQAGAEVSGLLGRMPSRVGYQPTLETEVAALQERIASVGRASVTAIEAVYVPADDFTDPAVTAISAHVDSTVVLSRQLAAEGIYPAIDPLATTSVLLDPAVVGEEHARVAGRLKEAIEHYHELRDVIALLGIEELGREEQLMVGRARKLQRFLTQPFFVAAAYTGMEGRSVPVAETVQGCAAILAGECDDWDEGSLYMIGTLAEARAREEARRRKGAA	Within energetic ATP synthase alpha-beta positive controls.	w2_r04_000056_w2_atp_synthase_alpha_subunit_a4wum9_w2_atp_synthase_beta_subunit_a3ps59	w2_r04_000056_w2_atp_synthase_alpha_subunit_a4wum9_w2_atp_synthase_beta_subunit_a3ps59/w2_r04_000056_w2_atp_synthase_alpha_subunit_a4wum9_w2_atp_synthase_beta_subunit_a3ps59_summary_confidences.json	101	0.850000	0.840000	0.840000	0.830000	0.870000	0.870000		0.01	0.0	[[0.89,0.84],[0.84,0.87]]	[[0.76,1.38],[1.46,0.76]]	high	yes	yes	top_route_consistent_ATP_positive
W2_R06_000001	R06	MJ03	host_scaffold_positive	all	1	W2_CYTOSKELETON_ACTIN_P60709	W2_CYTOSKELETON_PROFILIN_P07737	P60709	P07737	Homo_sapiens_(Human)	Homo_sapiens_(Human)	Eukaryote	Eukaryote	host_scaffold	host_scaffold	Cytoskeleton	Cytoskeleton	actin	profilin	Actin, cytoplasmic 1 (EC 3.6.4.-) (Beta-actin) [Cleaved into: Actin, cytoplasmic 1, N-terminally processed]	Profilin-1 (Epididymis tissue protein Li 184a) (Profilin I)	MDDDIAALVVDNGSGMCKAGFAGDDAPRAVFPSIVGRPRHQGVMVGMGQKDSYVGDEAQSKRGILTLKYPIEHGIVTNWDDMEKIWHHTFYNELRVAPEEHPVLLTEAPLNPKANREKMTQIMFETFNTPAMYVAIQAVLSLYASGRTTGIVMDSGDGVTHTVPIYEGYALPHAILRLDLAGRDLTDYLMKILTERGYSFTTTAEREIVRDIKEKLCYVALDFEQEMATAASSSSLEKSYELPDGQVITIGNERFRCPEALFQPSFLGMESCGIHETTFNSIMKCDVDIRKDLYANTVLSGGTTMYPGIADRMQKEITALAPSTMKIKIIAPPERKYSVWIGGSILASLSTFQQMWISKQEYDESGPSIVHRKCF	MAGWNAYIDNLMADGTCQDAAIVGYKDSPSVWAAVPGKTFVNITPAEVGVLVGKDRSSFYVNGLTLGGQKCSVIRDSLLQDGEFSMDLRTKSTGGAPTFNVTVTKTDKTLVLLMGKEGVHGGLINKKCYEMASHLRRSQY	Host-scaffold actin/profilin coherence control.	w2_r06_000001_w2_cytoskeleton_actin_p60709_w2_cytoskeleton_profilin_p07737	w2_r06_000001_w2_cytoskeleton_actin_p60709_w2_cytoskeleton_profilin_p07737/w2_r06_000001_w2_cytoskeleton_actin_p60709_w2_cytoskeleton_profilin_p07737_summary_confidences.json	101	0.930000	0.920000	0.930000	0.930000	0.920000	0.910000		0.0	0.0	[[0.9,0.93],[0.93,0.91]]	[[0.76,0.95],[0.97,0.76]]	high	yes	yes	top_host_scaffold_cytoskeleton_positive
W2_R06_000003	R06	MJ03	host_scaffold_positive	all	1	W2_CYTOSKELETON_ACTIN_P63261	W2_CYTOSKELETON_PROFILIN_P07737	P63261	P07737	Homo_sapiens_(Human)	Homo_sapiens_(Human)	Eukaryote	Eukaryote	host_scaffold	host_scaffold	Cytoskeleton	Cytoskeleton	actin	profilin	Actin, cytoplasmic 2 (EC 3.6.4.-) (Gamma-actin) [Cleaved into: Actin, cytoplasmic 2, N-terminally processed]	Profilin-1 (Epididymis tissue protein Li 184a) (Profilin I)	MEEEIAALVIDNGSGMCKAGFAGDDAPRAVFPSIVGRPRHQGVMVGMGQKDSYVGDEAQSKRGILTLKYPIEHGIVTNWDDMEKIWHHTFYNELRVAPEEHPVLLTEAPLNPKANREKMTQIMFETFNTPAMYVAIQAVLSLYASGRTTGIVMDSGDGVTHTVPIYEGYALPHAILRLDLAGRDLTDYLMKILTERGYSFTTTAEREIVRDIKEKLCYVALDFEQEMATAASSSSLEKSYELPDGQVITIGNERFRCPEALFQPSFLGMESCGIHETTFNSIMKCDVDIRKDLYANTVLSGGTTMYPGIADRMQKEITALAPSTMKIKIIAPPERKYSVWIGGSILASLSTFQQMWISKQEYDESGPSIVHRKCF	MAGWNAYIDNLMADGTCQDAAIVGYKDSPSVWAAVPGKTFVNITPAEVGVLVGKDRSSFYVNGLTLGGQKCSVIRDSLLQDGEFSMDLRTKSTGGAPTFNVTVTKTDKTLVLLMGKEGVHGGLINKKCYEMASHLRRSQY	Host-scaffold actin/profilin coherence control.	w2_r06_000003_w2_cytoskeleton_actin_p63261_w2_cytoskeleton_profilin_p07737	w2_r06_000003_w2_cytoskeleton_actin_p63261_w2_cytoskeleton_profilin_p07737/w2_r06_000003_w2_cytoskeleton_actin_p63261_w2_cytoskeleton_profilin_p07737_summary_confidences.json	101	0.930000	0.930000	0.930000	0.930000	0.920000	0.920000		0.0	0.0	[[0.9,0.93],[0.93,0.91]]	[[0.76,0.94],[1.01,0.76]]	high	yes	yes	top_host_scaffold_cytoskeleton_positive
W2_R07_000032	R07	MJ08	unrelated_decoy	stratified	1	W2_CYTOSKELETON_ACTIN_P63261	W2_ATP_SYNTHASE_ALPHA_SUBUNIT_A3PS65	P63261	A3PS65	Homo_sapiens_(Human)	Cereibacter_sphaeroides_(strain_ATCC_17029_/_ATH_2.4.9)_(Rhodobacter_sphaeroides)	Eukaryote	Alphaproteobacteria	host_scaffold	energetic_module	Cytoskeleton	ATP_synthase	actin	alpha_subunit	Actin, cytoplasmic 2 (EC 3.6.4.-) (Gamma-actin) [Cleaved into: Actin, cytoplasmic 2, N-terminally processed]	ATP synthase subunit alpha 2 (EC 7.1.2.2) (ATP synthase F1 sector subunit alpha 2) (F-ATPase subunit alpha 2)	MEEEIAALVIDNGSGMCKAGFAGDDAPRAVFPSIVGRPRHQGVMVGMGQKDSYVGDEAQSKRGILTLKYPIEHGIVTNWDDMEKIWHHTFYNELRVAPEEHPVLLTEAPLNPKANREKMTQIMFETFNTPAMYVAIQAVLSLYASGRTTGIVMDSGDGVTHTVPIYEGYALPHAILRLDLAGRDLTDYLMKILTERGYSFTTTAEREIVRDIKEKLCYVALDFEQEMATAASSSSLEKSYELPDGQVITIGNERFRCPEALFQPSFLGMESCGIHETTFNSIMKCDVDIRKDLYANTVLSGGTTMYPGIADRMQKEITALAPSTMKIKIIAPPERKYSVWIGGSILASLSTFQQMWISKQEYDESGPSIVHRKCF	MSGDPGLEALKARVAEVPLGPEIEETGRIATLADGLVEVEGLPGARLGEVVRFAGGAEGLVLTLDPETVQVALLDPGAALGSGTEVRRTGQLLSVPVGQGLLGRVVDPLGRPLDGLPAILPEARLEIERPAPGIVDRDMVAEPVETGLLVVDALFAVGRGQRELIIGERATGKTSLAVDAIVNQAASDIVCFYVAIGQRTTAVRRVIETVREKGAFARTVFVVAPATASPGLRWIAPFAATSMAEWVRDRGGHALIVYDDLTKHAAVHRELALLARQPPGREAYPGDIFYLHARLLERSAKLSAVNGGGSLTALPIAEIEAGNLSAYIPTNLISIADGQIVTSAALFAANQRPAVDIGLSVSRVGGKAQRGALKAVAGRVRLDYAQYLEMKMFSRFGGFGDAALRARLARGERIGALLAQPRTTPLSTPVQVALLAALAEGALDDVPLEDLTRLKAALGPVLAADASLGPFCAAPDRLEPETRAALLACVRRAREAP	Matched scaffold-energy decoys.	w2_r07_000032_w2_cytoskeleton_actin_p63261_w2_atp_synthase_alpha_subunit_a3ps65	w2_r07_000032_w2_cytoskeleton_actin_p63261_w2_atp_synthase_alpha_subunit_a3ps65/w2_r07_000032_w2_cytoskeleton_actin_p63261_w2_atp_synthase_alpha_subunit_a3ps65_summary_confidences.json	101	0.500000	0.300000	0.480000	0.220000	0.550000	0.540000		0.02	0.0	[[0.83,0.48],[0.48,0.83]]	[[0.76,7.45],[9.43,0.76]]	low	no	no	highest_low_decoy_negative_controls
W2_R07_000086	R07	MJ08	unrelated_decoy	stratified	1	W2_CYTOSKELETON_PROFILIN_P07274	W2_ATP_SYNTHASE_BETA_SUBUNIT_R0CXF1	P07274	R0CXF1	Saccharomyces_cerevisiae_(strain_ATCC_204508_/_S288c)_(Baker's_yeast)	Caulobacter_vibrioides_OR37	Eukaryote	Alphaproteobacteria	host_scaffold	energetic_module	Cytoskeleton	ATP_synthase	profilin	beta_subunit	Profilin (Calcium sensitive protein 5)	ATP synthase subunit beta (EC 7.1.2.2) (ATP synthase F1 sector subunit beta) (F-ATPase subunit beta)	MSWQAYTDNLIGTGKVDKAVIYSRAGDAVWATSGGLSLQPNEIGEIVQGFDNPAGLQSNGLHIQGQKFMLLRADDRSIYGRHDAEGVVCVRTKQTVIIAHYPPTVQAGEATKIVEQLADYLIGVQY	MAKTPAEKPATAAAKKPAAPKAAAAPKAAATKAPAARKPAAPKAAAAASAPANSAVNLDGATGRLVQIIGAVVDIEFDGALPAILNAVETINTATGQRLVFEVAQHLGQNTVRAIAMDATEGLVRGQAVRDTGEPIRVPVGPGTLGRIMNVIGEPIDEQGPIQSTLSRPIHRDAPTFAEQTNTAEVLVTGIKVIDLMCPYTKGGKIGLFGGAGVGKTVTMQELINNIAKAYGGYSVLAGVGERTREGNDLYHEMIESNVNVDPKANNGSTEGSRCALVYGQMNEPPGARARVALTGLSIAEYFRDEEGKDVLLFVDNIFRFTQAGAEVSALLGRIPSAVGYQPTLATEMGNLQERITSTNKGSITSVQAIYVPADDLTDPAPATSFAHLDATTVLSRDIAAQAIFPAVDPLDSTSRIMDPLVIGEEHYTVARRVQEVLQQYKALKDIIAILGMDELSEEDKLIVARARKISRFLSQPFHVAEQFTNTPGAFVQLKDTIRSFKGIVDGEYDHLPEGAFYMVGAIEEAVAKAEKMAAEA	Matched scaffold-energy decoys.	w2_r07_000086_w2_cytoskeleton_profilin_p07274_w2_atp_synthase_beta_subunit_r0cxf1	w2_r07_000086_w2_cytoskeleton_profilin_p07274_w2_atp_synthase_beta_subunit_r0cxf1/w2_r07_000086_w2_cytoskeleton_profilin_p07274_w2_atp_synthase_beta_subunit_r0cxf1_summary_confidences.json	101	0.530000	0.260000	0.460000	0.120000	0.620000	0.620000		0.09	0.0	[[0.87,0.46],[0.46,0.72]]	[[0.76,11.36],[9.97,0.76]]	low	no	no	highest_low_decoy_negative_controls
W2_R08_000015	R08	MJ08	unrelated_decoy	stratified	1	W2_CYTOSKELETON_ACTIN_P60709	W2_FES_ISC_CYSTEINE_DESULFURASE_D5AX78	P60709	D5AX78	Homo_sapiens_(Human)	Rickettsia_prowazekii_(strain_Rp22)	Eukaryote	Alphaproteobacteria	host_scaffold	energetic_module	Cytoskeleton	FeS_ISC	actin	cysteine_desulfurase	Actin, cytoplasmic 1 (EC 3.6.4.-) (Beta-actin) [Cleaved into: Actin, cytoplasmic 1, N-terminally processed]	Cysteine desulfurase (EC 2.8.1.7)	MDDDIAALVVDNGSGMCKAGFAGDDAPRAVFPSIVGRPRHQGVMVGMGQKDSYVGDEAQSKRGILTLKYPIEHGIVTNWDDMEKIWHHTFYNELRVAPEEHPVLLTEAPLNPKANREKMTQIMFETFNTPAMYVAIQAVLSLYASGRTTGIVMDSGDGVTHTVPIYEGYALPHAILRLDLAGRDLTDYLMKILTERGYSFTTTAEREIVRDIKEKLCYVALDFEQEMATAASSSSLEKSYELPDGQVITIGNERFRCPEALFQPSFLGMESCGIHETTFNSIMKCDVDIRKDLYANTVLSGGTTMYPGIADRMQKEITALAPSTMKIKIIAPPERKYSVWIGGSILASLSTFQQMWISKQEYDESGPSIVHRKCF	MIYLDHNATTFIDPRVKEYIISLMDKELNPSSAHTSGRFAKNIIETARSQIATSLGITMSREYNITFTSSGTESNNLIMKNFYDGDIFISAIEHLSIYNHINYAPNIKIIRVNKQGLVDLEHLEDLLSQSNASKKLVSVMIANNENGVLQDIAAISKITKKYNAKFHSDLVQSFGKISLNIKELGLDFATISGHKIGGGHGCGALISNSNFQLIPIIIGGGQEKSVRSGTENVLAIAGFGLAAEFRRKDISKNYIKIRYLQERLEQKLKEYSNVNIISNNVARLANTTLITVDNTDAQVKLIGFDLRNICVSSGSACSSGKISKSHVLTNMGIREEEARSSIRISLSHTNTISDIKAFIKAFEEIYEYKSSCNHCI	Matched scaffold-Fe-S decoys.	w2_r08_000015_w2_cytoskeleton_actin_p60709_w2_fes_isc_cysteine_desulfurase_d5ax78	w2_r08_000015_w2_cytoskeleton_actin_p60709_w2_fes_isc_cysteine_desulfurase_d5ax78/w2_r08_000015_w2_cytoskeleton_actin_p60709_w2_fes_isc_cysteine_desulfurase_d5ax78_summary_confidences.json	101	0.800000	0.660000	0.780000	0.630000	0.840000	0.750000		0.01	0.0	[[0.88,0.78],[0.78,0.91]]	[[0.76,2.71],[2.61,0.76]]	high	yes	yes	highest_moderate_decoy_stress_controls
W2_R08_000016	R08	MJ08	unrelated_decoy	stratified	1	W2_CYTOSKELETON_ACTIN_P60709	W2_FES_ISC_CYSTEINE_DESULFURASE_Q9ZD59	P60709	Q9ZD59	Homo_sapiens_(Human)	Rickettsia_prowazekii_(strain_Madrid_E)	Eukaryote	Alphaproteobacteria	host_scaffold	energetic_module	Cytoskeleton	FeS_ISC	actin	cysteine_desulfurase	Actin, cytoplasmic 1 (EC 3.6.4.-) (Beta-actin) [Cleaved into: Actin, cytoplasmic 1, N-terminally processed]	Cysteine desulfurase (EC 2.8.1.7)	MDDDIAALVVDNGSGMCKAGFAGDDAPRAVFPSIVGRPRHQGVMVGMGQKDSYVGDEAQSKRGILTLKYPIEHGIVTNWDDMEKIWHHTFYNELRVAPEEHPVLLTEAPLNPKANREKMTQIMFETFNTPAMYVAIQAVLSLYASGRTTGIVMDSGDGVTHTVPIYEGYALPHAILRLDLAGRDLTDYLMKILTERGYSFTTTAEREIVRDIKEKLCYVALDFEQEMATAASSSSLEKSYELPDGQVITIGNERFRCPEALFQPSFLGMESCGIHETTFNSIMKCDVDIRKDLYANTVLSGGTTMYPGIADRMQKEITALAPSTMKIKIIAPPERKYSVWIGGSILASLSTFQQMWISKQEYDESGPSIVHRKCF	MIYLDHNATTFIDPRVKEYIISLMDKELNPSSAHTSGRFAKNIIETARSQIATSLGITMSREYNITFTSSGTESNNLIMKNFYDGDIFISAIEHLSIYNHINYAPNIKIIRVNKQGLVDLEHLEDLLSQSNASKKLVSVMIANNENGVLQDIAAISKITKKYNAKFHSDLVQSFGKISLNIKELGLDFATISGHKIGGGHGCGALISNSNFQLIPIIIGGGQEKSVRSGTENVLAIAGFGLAAEFRRKDISKNYIKIRYLQERLEQKLKEYSNVNIISNNVARLANTTLITVDNTDAQVKLIGFDLRNICVSSGSACSSGKISKSHVLTNMGIREEEARSSIRISLSHTNTISDIKAFIKAFEEIYEYKSSCNHCI	Matched scaffold-Fe-S decoys.	w2_r08_000016_w2_cytoskeleton_actin_p60709_w2_fes_isc_cysteine_desulfurase_q9zd59	w2_r08_000016_w2_cytoskeleton_actin_p60709_w2_fes_isc_cysteine_desulfurase_q9zd59/w2_r08_000016_w2_cytoskeleton_actin_p60709_w2_fes_isc_cysteine_desulfurase_q9zd59_summary_confidences.json	101	0.800000	0.660000	0.780000	0.630000	0.840000	0.750000		0.01	0.0	[[0.88,0.78],[0.78,0.91]]	[[0.76,2.71],[2.61,0.76]]	high	yes	yes	highest_moderate_decoy_stress_controls
W2_R08_000035	R08	MJ08	unrelated_decoy	stratified	1	W2_CYTOSKELETON_ACTIN_P63261	W2_FES_ISC_CYSTEINE_DESULFURASE_D5AX78	P63261	D5AX78	Homo_sapiens_(Human)	Rickettsia_prowazekii_(strain_Rp22)	Eukaryote	Alphaproteobacteria	host_scaffold	energetic_module	Cytoskeleton	FeS_ISC	actin	cysteine_desulfurase	Actin, cytoplasmic 2 (EC 3.6.4.-) (Gamma-actin) [Cleaved into: Actin, cytoplasmic 2, N-terminally processed]	Cysteine desulfurase (EC 2.8.1.7)	MEEEIAALVIDNGSGMCKAGFAGDDAPRAVFPSIVGRPRHQGVMVGMGQKDSYVGDEAQSKRGILTLKYPIEHGIVTNWDDMEKIWHHTFYNELRVAPEEHPVLLTEAPLNPKANREKMTQIMFETFNTPAMYVAIQAVLSLYASGRTTGIVMDSGDGVTHTVPIYEGYALPHAILRLDLAGRDLTDYLMKILTERGYSFTTTAEREIVRDIKEKLCYVALDFEQEMATAASSSSLEKSYELPDGQVITIGNERFRCPEALFQPSFLGMESCGIHETTFNSIMKCDVDIRKDLYANTVLSGGTTMYPGIADRMQKEITALAPSTMKIKIIAPPERKYSVWIGGSILASLSTFQQMWISKQEYDESGPSIVHRKCF	MIYLDHNATTFIDPRVKEYIISLMDKELNPSSAHTSGRFAKNIIETARSQIATSLGITMSREYNITFTSSGTESNNLIMKNFYDGDIFISAIEHLSIYNHINYAPNIKIIRVNKQGLVDLEHLEDLLSQSNASKKLVSVMIANNENGVLQDIAAISKITKKYNAKFHSDLVQSFGKISLNIKELGLDFATISGHKIGGGHGCGALISNSNFQLIPIIIGGGQEKSVRSGTENVLAIAGFGLAAEFRRKDISKNYIKIRYLQERLEQKLKEYSNVNIISNNVARLANTTLITVDNTDAQVKLIGFDLRNICVSSGSACSSGKISKSHVLTNMGIREEEARSSIRISLSHTNTISDIKAFIKAFEEIYEYKSSCNHCI	Matched scaffold-Fe-S decoys.	w2_r08_000035_w2_cytoskeleton_actin_p63261_w2_fes_isc_cysteine_desulfurase_d5ax78	w2_r08_000035_w2_cytoskeleton_actin_p63261_w2_fes_isc_cysteine_desulfurase_d5ax78/w2_r08_000035_w2_cytoskeleton_actin_p63261_w2_fes_isc_cysteine_desulfurase_d5ax78_summary_confidences.json	101	0.710000	0.630000	0.680000	0.600000	0.780000	0.730000		0.01	0.0	[[0.87,0.68],[0.68,0.9]]	[[0.76,4.87],[4.89,0.76]]	moderate	yes	no	highest_moderate_decoy_stress_controls
W2_R08_000036	R08	MJ08	unrelated_decoy	stratified	1	W2_CYTOSKELETON_ACTIN_P63261	W2_FES_ISC_CYSTEINE_DESULFURASE_Q9ZD59	P63261	Q9ZD59	Homo_sapiens_(Human)	Rickettsia_prowazekii_(strain_Madrid_E)	Eukaryote	Alphaproteobacteria	host_scaffold	energetic_module	Cytoskeleton	FeS_ISC	actin	cysteine_desulfurase	Actin, cytoplasmic 2 (EC 3.6.4.-) (Gamma-actin) [Cleaved into: Actin, cytoplasmic 2, N-terminally processed]	Cysteine desulfurase (EC 2.8.1.7)	MEEEIAALVIDNGSGMCKAGFAGDDAPRAVFPSIVGRPRHQGVMVGMGQKDSYVGDEAQSKRGILTLKYPIEHGIVTNWDDMEKIWHHTFYNELRVAPEEHPVLLTEAPLNPKANREKMTQIMFETFNTPAMYVAIQAVLSLYASGRTTGIVMDSGDGVTHTVPIYEGYALPHAILRLDLAGRDLTDYLMKILTERGYSFTTTAEREIVRDIKEKLCYVALDFEQEMATAASSSSLEKSYELPDGQVITIGNERFRCPEALFQPSFLGMESCGIHETTFNSIMKCDVDIRKDLYANTVLSGGTTMYPGIADRMQKEITALAPSTMKIKIIAPPERKYSVWIGGSILASLSTFQQMWISKQEYDESGPSIVHRKCF	MIYLDHNATTFIDPRVKEYIISLMDKELNPSSAHTSGRFAKNIIETARSQIATSLGITMSREYNITFTSSGTESNNLIMKNFYDGDIFISAIEHLSIYNHINYAPNIKIIRVNKQGLVDLEHLEDLLSQSNASKKLVSVMIANNENGVLQDIAAISKITKKYNAKFHSDLVQSFGKISLNIKELGLDFATISGHKIGGGHGCGALISNSNFQLIPIIIGGGQEKSVRSGTENVLAIAGFGLAAEFRRKDISKNYIKIRYLQERLEQKLKEYSNVNIISNNVARLANTTLITVDNTDAQVKLIGFDLRNICVSSGSACSSGKISKSHVLTNMGIREEEARSSIRISLSHTNTISDIKAFIKAFEEIYEYKSSCNHCI	Matched scaffold-Fe-S decoys.	w2_r08_000036_w2_cytoskeleton_actin_p63261_w2_fes_isc_cysteine_desulfurase_q9zd59	w2_r08_000036_w2_cytoskeleton_actin_p63261_w2_fes_isc_cysteine_desulfurase_q9zd59/w2_r08_000036_w2_cytoskeleton_actin_p63261_w2_fes_isc_cysteine_desulfurase_q9zd59_summary_confidences.json	101	0.710000	0.630000	0.680000	0.600000	0.780000	0.730000		0.01	0.0	[[0.87,0.68],[0.68,0.9]]	[[0.76,4.87],[4.89,0.76]]	moderate	yes	no	highest_moderate_decoy_stress_controls
